Random Forest,Decision Tree,Gradient Boosting,Linear Regression,XGBRegressor,CatBoosting Regressor,AdaBoost Regressor,Ridge,Lasso
0.8516562850760965,0.713419244871484,0.8676272578184804,-3.187472871486125e+23,0.8601689558021746,0.8695029110871555,0.8331102082589261,0.8751868576132259,0.8829930771951391
