Random Forest,Decision Tree,Gradient Boosting,Linear Regression,XGBRegressor,CatBoosting Regressor,AdaBoost Regressor,Ridge,Lasso
0.8525213962863841,0.6577319383428626,0.869944109677747,-3.187472871486125e+23,0.8601689558021746,0.8695029110871555,0.8338122481604768,0.8751868576132259,0.8829930771951391
