Random Forest,Decision Tree,Gradient Boosting,Linear Regression,XGBRegressor,CatBoosting Regressor,AdaBoost Regressor,Ridge,Lasso
0.8521789481374563,0.7052434147955764,0.8727938509378425,-1.868444976376995e+17,0.8601689558021746,0.8695029110871555,0.8310690264183385,0.8751868576130922,0.8829930771951391
