Random Forest,Decision Tree,Gradient Boosting,Linear Regression,XGBRegressor,CatBoosting Regressor,AdaBoost Regressor,Ridge,Lasso
0.8510913831102417,0.7021247991996116,0.8710811539138235,-1.868444976376995e+17,0.8601689558021746,0.8695029110871555,0.831246293892346,0.8751868576130922,0.8829930771951391
